"NEE","Cleaned_NEE"
0.64897454,0.64897454
1.0233449,1.0233449
0.544442,0.544442
-1.3958348,-1.3958348
-1.1874104,-1.1874104
-1.4910415,-1.4910415
-1.1768813,-1.1768813
0.095905624,0.095905624
-0.7579254,-0.7579254
-1.1415423,-1.1415423
-0.6505268,-0.6505268
-1.2811254,-1.2811254
0.47840583,0.47840583
-0.32690498,-0.32690498
0.032286014,0.032286014
-0.7855039,-0.7855039
0.2574899,0.2574899
0.15423667,0.15423667
0.056948833,0.056948833
-0.68102974,-0.68102974
-0.21793029,-0.21793029
-0.39411354,-0.39411354
-0.87451935,-0.87451935
-0.18532953,-0.18532953
-0.44731376,-0.44731376
0.42081198,0.42081198
0.03923641,0.03923641
0.68030894,0.68030894
-0.12773454,-0.12773454
1.3645909,1.3645909
0.2708235,0.2708235
-0.64547116,-0.64547116
-0.0036023455,-0.0036023455
1.0612719,1.0612719
-1.3014065,-1.3014065
-1.0100796,-1.0100796
-0.39627337,-0.39627337
0.16520362,0.16520362
-0.72629446,-0.72629446
-0.40259138,-0.40259138
0.6654442,0.6654442
0.0073129055,0.0073129055
-1.1382538,-1.1382538
-1.2102453,-1.2102453
-0.30590355,-0.30590355
-0.58621204,-0.58621204
0.35519817,0.35519817
1.0386118,1.0386118
0.9064947,0.9064947
0.72542447,0.72542447
-0.21754451,-0.21754451
-0.5396713,-0.5396713
0.15399633,0.15399633
-0.8246156,-0.8246156
1.516831,1.516831
1.1834297,1.1834297
1.902007,1.902007
0.6371175,0.6371175
0.26981348,0.26981348
-0.8587236,-0.8587236
-0.41569796,-0.41569796
-0.6024718,-0.6024718
1.1302799,1.1302799
-0.4687445,-0.4687445
-0.41249943,-0.41249943
0.28354174,0.28354174
1.0900846,1.0900846
0.3133255,0.3133255
0.9505831,0.9505831
-0.25963745,-0.25963745
-0.41976303,-0.41976303
0.03315483,0.03315483
1.2143605,1.2143605
0.52805936,0.52805936
-0.1855845,-0.1855845
-0.43519348,-0.43519348
-1.3015478,-1.3015478
-1.0447901,-1.0447901
-1.1522791,-1.1522791
-0.67740715,-0.67740715
-0.3754807,-0.3754807
-1.1647584,-1.1647584
0.13225505,0.13225505
-0.9870061,-0.9870061
-0.20651904,-0.20651904
-1.237107,-1.237107
-1.2657627,-1.2657627
-1.1617513,-1.1617513
-0.37748408,-0.37748408
-1.1514262,-1.1514262
-0.83270085,-0.83270085
-0.77716434,-0.77716434
-0.9891043,-0.9891043
-1.1644478,-1.1644478
-0.59042776,-0.59042776
-0.5248687,-0.5248687
-1.1038334,-1.1038334
-0.19343475,-0.19343475
-0.5433252,-0.5433252
-0.80558854,-0.80558854
-0.91308576,-0.91308576
-1.5850717,-1.5850717
-1.6203295,-1.6203295
-1.3924581,-1.3924581
-1.0867021,-1.0867021
-1.4425051,-1.4425051
-1.5142105,-1.5142105
-1.4864733,-1.4864733
-1.5720804,-1.5720804
-1.5277526,-1.5277526
-1.0850983,-1.0850983
-1.222453,-1.222453
-1.7259258,-1.7259258
-0.49115938,-0.49115938
-1.1890917,-1.1890917
-0.76223654,-0.76223654
0.5077434,0.5077434
-0.97382843,-0.97382843
-1.5725355,-1.5725355
-1.9116848,-1.9116848
-1.9846753,-1.9846753
-0.9730136,-0.9730136
-0.96433747,-0.96433747
-1.5379094,-1.5379094
-1.633065,-1.633065
-1.9907765,-1.9907765
-1.7101039,-1.7101039
-1.589015,-1.589015
-1.7847018,-1.7847018
-1.6382064,-1.6382064
-1.7635518,-1.7635518
-1.7094849,-1.7094849
-1.8304265,-1.8304265
-1.891228,-1.891228
-1.6987734,-1.6987734
-2.2866862,-2.2866862
-2.0687566,-2.0687566
-2.0814133,-2.0814133
-2.2017052,-2.2017052
-2.2882059,-2.2882059
-2.0941997,-2.0941997
-1.9838396,-1.9838396
-1.9221091,-1.9221091
-1.9915892,-1.9915892
-2.113699,-2.113699
-1.8604352,-1.8604352
-1.7386167,-1.7386167
-1.1046275,-1.1046275
-1.8176308,-1.8176308
-2.131308,-2.131308
-1.5833529,-1.5833529
-0.50745696,-0.50745696
-0.03561043,-0.03561043
-1.7522544,-1.7522544
-1.1084769,-1.1084769
-1.8674017,-1.8674017
-1.9600563,-1.9600563
-1.9779705,-1.9779705
-1.945876,-1.945876
-1.6350894,-1.6350894
-1.7419087,-1.7419087
-2.1201754,-2.1201754
-2.052722,-2.052722
-2.042516,-2.042516
-1.9243714,-1.9243714
-1.8690475,-1.8690475
-1.6822723,-1.6822723
-1.906327,-1.906327
-2.3686237,-2.3686237
-2.2583795,-2.2583795
-2.211415,-2.211415
-2.2361956,-2.2361956
-2.5843174,-2.5843174
-2.516015,-2.516015
-2.5340924,-2.5340924
-2.421667,-2.421667
-2.4570818,-2.4570818
-2.2977266,-2.2977266
-2.104043,-2.104043
-1.8585405,-1.8585405
-2.09535,-2.09535
-2.27166,-2.27166
-1.8771259,-1.8771259
-1.9804784,-1.9804784
-2.0809143,-2.0809143
-1.9619184,-1.9619184
-2.1522536,-2.1522536
-1.9704516,-1.9704516
-1.7012395,-1.7012395
-1.8475528,-1.8475528
-1.9521443,-1.9521443
-1.9515251,-1.9515251
0.08273037,0.08273037
-2.1166327,-2.1166327
-1.644825,-1.644825
-1.7777021,-1.7777021
-1.7352142,-1.7352142
-1.7538635,-1.7538635
-1.6923819,-1.6923819
-1.6139572,-1.6139572
-1.7085471,-1.7085471
-1.7585142,-1.7585142
-1.2447567,-1.2447567
-1.0197455,-1.0197455
-1.6030693,-1.6030693
-1.3882635,-1.3882635
-1.5529221,-1.5529221
-1.300689,-1.300689
-2.0280879,-2.0280879
-1.6979601,-1.6979601
-1.255423,-1.255423
-1.2883016,-1.2883016
-1.301699,-1.301699
-0.79590344,-0.79590344
-0.83409524,-0.83409524
-1.1117045,-1.1117045
-1.7732759,-1.7732759
-1.1996416,-1.1996416
-0.33656812,-0.33656812
-1.2925655,-1.2925655
-0.09357307,-0.09357307
-1.1450243,-1.1450243
-1.4635559,-1.4635559
-1.206536,-1.206536
-0.87893957,-0.87893957
-0.79920095,-0.79920095
-1.5960404,-1.5960404
-0.91764814,-0.91764814
-1.3556739,-1.3556739
-1.3989718,-1.3989718
-1.5526444,-1.5526444
-1.568456,-1.568456
-1.6237346,-1.6237346
-0.4307801,-0.4307801
-0.30905965,-0.30905965
-1.0180374,-1.0180374
-1.5375862,-1.5375862
-1.7509879,-1.7509879
-1.4479346,-1.4479346
-0.57373697,-0.57373697
-0.3587367,-0.3587367
-0.57266045,-0.57266045
-1.0533427,-1.0533427
-0.50768125,-0.50768125
-0.44638798,-0.44638798
-0.18615115,-0.18615115
-0.3321186,-0.3321186
-0.36016732,-0.36016732
0.006996009,0.006996009
-0.696144,-0.696144
-0.13853306,-0.13853306
-0.7551771,-0.7551771
-0.572637,-0.572637
-0.20803443,-0.20803443
0.13451853,0.13451853
-0.48354715,-0.48354715
-0.07691208,-0.07691208
-0.44012418,-0.44012418
0.16921905,0.16921905
-0.030435601,-0.030435601
-0.076134354,-0.076134354
-0.61052376,-0.61052376
-0.81165445,-0.81165445
-0.25838217,-0.25838217
-0.37932274,-0.37932274
-1.1421758,-1.1421758
-1.2876369,-1.2876369
-1.2713361,-1.2713361
-0.7499691,-0.7499691
-0.5869795,-0.5869795
-1.3192261,-1.3192261
-0.6166337,-0.6166337
-0.78776515,-0.78776515
-0.9799243,-0.9799243
-1.0903761,-1.0903761
-0.9151287,-0.9151287
-0.6430872,-0.6430872
-1.4645612,-1.4645612
-1.516737,-1.516737
-0.97881556,-0.97881556
-1.2707101,-1.2707101
-0.78735137,-0.78735137
-0.8913724,-0.8913724
-0.2577355,-0.2577355
-1.0002525,-1.0002525
-1.244392,-1.244392
-1.6138456,-1.6138456
0.061804317,0.061804317
0.85843915,0.85843915
-0.5631572,-0.5631572
-0.8080954,-0.8080954
-1.4206527,-1.4206527
-0.81818646,-0.81818646
-1.4787331,-1.4787331
-1.0865343,-1.0865343
-0.2390321,-0.2390321
-1.5142332,-1.5142332
-1.4721946,-1.4721946
-1.1996157,-1.1996157
-1.4794005,-1.4794005
-1.3131825,-1.3131825
0.53981644,0.53981644
-0.025982348,-0.025982348
-1.3844174,-1.3844174
-0.7652555,-0.7652555
-1.3095548,-1.3095548
0.84783137,0.84783137
0.059115194,0.059115194
-0.033759106,-0.033759106
1.5636379,1.5636379
0.33255246,0.33255246
0.83092934,0.83092934
-0.24039318,-0.24039318
-0.18187486,-0.18187486
-0.04175505,-0.04175505
-1.0545264,-1.0545264
-1.3542322,-1.3542322
-0.32655132,-0.32655132
-0.5761936,-0.5761936
0.37275532,0.37275532
-0.95187163,-0.95187163
-0.8766882,-0.8766882
-0.9722641,-0.9722641
-1.7793475,-1.7793475
-0.059463006,-0.059463006
-1.2616735,-1.2616735
-0.8688447,-0.8688447
-0.7093864,-0.7093864
-1.5746434,-1.5746434
-0.54301125,-0.54301125
-1.5325841,-1.5325841
-0.13699721,-0.13699721
1.7764182,1.7764182
1.4790764,1.4790764
-0.015508566,-0.015508566
-0.9198797,-0.9198797
1.4251711,1.4251711
1.7086507,1.7086507
0.6764435,0.6764435
-1.1841227,-1.1841227
-0.85075915,-0.85075915
1.9006329,1.9006329
1.3459952,1.3459952
0.86380816,0.86380816
0.7804939,0.7804939
0.42527404,0.42527404
0.3374155,0.3374155
0.7218727,0.7218727
0.9395971,0.9395971
-0.06638768,-0.06638768
1.1193317,1.1193317
1.2506483,1.2506483
0.54007256,0.54007256
0.4314937,0.4314937
2.304155,2.304155
1.9510381,1.9510381
-0.20110168,-0.20110168
-0.35413957,-0.35413957
1.3791151,1.3791151
0.6011408,0.6011408
0.10954646,0.10954646
0.24667954,0.24667954
0.3876432,0.3876432
2.2793772,2.2793772
0.9432055,0.9432055
1.7246581,1.7246581
1.0232663,1.0232663
3.0361574,3.0361574
2.4661992,2.4661992
1.6316888,1.6316888
0.8267764,0.8267764
1.6599536,1.6599536
1.8374412,1.8374412
1.11116,1.11116
1.5261154,1.5261154
1.0222058,1.0222058
2.4462945,2.4462945
1.8989269,1.8989269
0.24954967,0.24954967
2.1559196,2.1559196
1.2436378,1.2436378
0.31858593,0.31858593
0.25717592,0.25717592
-0.12664406,-0.12664406
2.7223964,2.7223964
2.0645597,2.0645597
0.6648857,0.6648857
1.2815894,1.2815894
1.9181902,1.9181902
1.3738302,1.3738302
0.7602706,0.7602706
1.4082079,1.4082079
2.146419,2.146419
0.8946296,0.8946296
1.8509094,1.8509094
2.8049753,2.8049753
1.1934128,1.1934128
1.1253576,1.1253576
1.5247606,1.5247606
1.5247502,1.5247502
0.20437132,0.20437132
2.5366287,2.5366287
0.72459316,0.72459316
1.4076921,1.4076921
2.4542959,2.4542959
0.49254137,0.49254137
1.0887884,1.0887884
1.789518,1.789518
1.7413797,1.7413797
2.6444716,2.6444716
1.2435006,1.2435006
-0.18744868,-0.18744868
1.0221103,1.0221103
0.25004253,0.25004253
1.1866275,1.1866275
1.0590912,1.0590912
1.7111342,1.7111342
0.5378812,0.5378812
1.9256797,1.9256797
0.22504456,0.22504456
1.4953525,1.4953525
0.8273012,0.8273012
0.75905305,0.75905305
0.763683,0.763683
1.0869122,1.0869122
0.56935036,0.56935036
0.6569512,0.6569512
1.963326,1.963326
0.42537755,0.42537755
0.2860203,0.2860203
0.2633428,0.2633428
-0.23177525,-0.23177525
-0.05391472,-0.05391472
0.2706378,0.2706378
-0.82421,-0.82421
-0.64520836,-0.64520836
0.471671,0.471671
-0.46248335,-0.46248335
-0.28766885,-0.28766885
1.1095679,1.1095679
0.59421504,0.59421504
-0.31054246,-0.31054246
-0.20082758,-0.20082758
-0.7721765,-0.7721765
-0.16940932,-0.16940932
0.782932,0.782932
-0.48759633,-0.48759633
0.44827223,0.44827223
2.0872238,2.0872238
0.28916723,0.28916723
0.5378951,0.5378951
-0.425615,-0.425615
-0.2819993,-0.2819993
-0.9227617,-0.9227617
-0.8667687,-0.8667687
-0.9628007,-0.9628007
-0.8846363,-0.8846363
-1.0874896,-1.0874896
-0.96436,-0.96436
-0.7965567,-0.7965567
-0.6753612,-0.6753612
-0.8883146,-0.8883146
0.2180065,0.2180065
-1.1427621,-1.1427621
-0.93268585,-0.93268585
-0.4638849,-0.4638849
-0.012545144,-0.012545144
-0.17996435,-0.17996435
-0.5766785,-0.5766785
-0.85419136,-0.85419136
-0.42636913,-0.42636913
-1.2588688,-1.2588688
-1.3180014,-1.3180014
-1.326,-1.326
-1.2535892,-1.2535892
-1.1953318,-1.1953318
0.0068175606,0.0068175606
0.5102769,0.5102769
0.49944243,0.49944243
0.45472476,0.45472476
-0.8680129,-0.8680129
-1.6552644,-1.6552644
-1.7214209,-1.7214209
-1.2654846,-1.2654846
-0.9809869,-0.9809869
-1.142217,-1.142217
-1.1808846,-1.1808846
-0.9039557,-0.9039557
-1.0857927,-1.0857927
-1.3175004,-1.3175004
-1.0809337,-1.0809337
-1.2363175,-1.2363175
-1.5824435,-1.5824435
-1.5406389,-1.5406389
-1.7912741,-1.7912741
-1.5496051,-1.5496051
-1.588113,-1.588113
-1.6125625,-1.6125625
-1.4024675,-1.4024675
-1.4435407,-1.4435407
-0.983102,-0.983102
-0.9215856,-0.9215856
-1.3506358,-1.3506358
-1.4117692,-1.4117692
-1.6090364,-1.6090364
-1.7725209,-1.7725209
-1.5816703,-1.5816703
-1.5679158,-1.5679158
-1.5662521,-1.5662521
-1.7639481,-1.7639481
-1.5894194,-1.5894194
-0.84230334,-0.84230334
0.924493,0.924493
-0.55429095,-0.55429095
-1.1981362,-1.1981362
-0.29171875,-0.29171875
-1.3582059,-1.3582059
-1.3449639,-1.3449639
-1.068479,-1.068479
-1.5226425,-1.5226425
-1.252166,-1.252166
-0.13951282,-0.13951282
-1.1011639,-1.1011639
-1.1227096,-1.1227096
-1.7938077,-1.7938077
-2.100948,-2.100948
-1.8030831,-1.8030831
-0.6188876,-0.6188876
-0.980865,-0.980865
0.4643994,0.4643994
-1.9125847,-1.9125847
-1.7369933,-1.7369933
-1.9462763,-1.9462763
-1.8254385,-1.8254385
1.4066323,1.4066323
-0.1373635,-0.1373635
-0.7401824,-0.7401824
-1.9148409,-1.9148409
-1.8944212,-1.8944212
-1.885895,-1.885895
-1.9353259,-1.9353259
-2.102361,-2.102361
-2.0858896,-2.0858896
-1.851604,-1.851604
-2.2277915,-2.2277915
-1.6131806,-1.6131806
0.5176513,0.5176513
-1.9496859,-1.9496859
0.87287414,0.87287414
0.4404059,0.4404059
-0.45992002,-0.45992002
-2.10751,-2.10751
-2.1882777,-2.1882777
-1.6979973,-1.6979973
-0.25550893,-0.25550893
-0.95382273,-0.95382273
-1.7188611,-1.7188611
-0.3296406,-0.3296406
-0.13815549,-0.13815549
-1.839098,-1.839098
-1.9402729,-1.9402729
-2.10666,-2.10666
-1.7832745,-1.7832745
-1.909613,-1.909613
-1.8043426,-1.8043426
-1.7709137,-1.7709137
-1.7337825,-1.7337825
-1.9757077,-1.9757077
-1.3987396,-1.3987396
-1.4834695,-1.4834695
-0.0354986,-0.0354986
-0.59014946,-0.59014946
1.3145721,1.3145721
-0.29455975,-0.29455975
-1.1953624,-1.1953624
-1.817287,-1.817287
-1.5003045,-1.5003045
0.13008212,0.13008212
-0.96317595,-0.96317595
-0.5306099,-0.5306099
-0.6071144,-0.6071144
-1.3465592,-1.3465592
-1.4981369,-1.4981369
-1.3512911,-1.3512911
-0.5226297,-0.5226297
-0.13548326,-0.13548326
-0.91058093,-0.91058093
-0.72942275,-0.72942275
-1.0432836,-1.0432836
0.17281689,0.17281689
-2.125544,-2.125544
-1.1198874,-1.1198874
-1.9134412,-1.9134412
-1.6451141,-1.6451141
-0.58525074,-0.58525074
-0.8025753,-0.8025753
-0.03708319,-0.03708319
0.07226572,0.07226572
0.15154622,0.15154622
-1.2465199,-1.2465199
0.7978728,0.7978728
-0.2676606,-0.2676606
-0.329394,-0.329394
-1.8104112,-1.8104112
-0.74611145,-0.74611145
-2.1084878,-2.1084878
-2.1520073,-2.1520073
-0.85805804,-0.85805804
-0.66833705,-0.66833705
-1.9431798,-1.9431798
-2.2657585,-2.2657585
-2.0642698,-2.0642698
-0.3356662,-0.3356662
1.2081825,1.2081825
-0.29607436,-0.29607436
-0.83178663,-0.83178663
-0.44819805,-0.44819805
-1.213685,-1.213685
-0.43475875,-0.43475875
-1.124917,-1.124917
-1.8261788,-1.8261788
-0.1256903,-0.1256903
-1.1187024,-1.1187024
-0.64431155,-0.64431155
0.053794067,0.053794067
0.0017432313,0.0017432313
0.675509,0.675509
-0.302939,-0.302939
1.0542257,1.0542257
0.82072645,0.82072645
0.41552636,0.41552636
1.0083067,1.0083067
1.4442657,1.4442657
2.6083016,2.6083016
1.9656589,1.9656589
-0.17526321,-0.17526321
1.4747295,1.4747295
2.2890959,2.2890959
0.44321117,0.44321117
0.8538595,0.8538595
1.0028442,1.0028442
1.2275869,1.2275869
2.5800714,2.5800714
0.8187285,0.8187285
0.8359032,0.8359032
0.9842773,0.9842773
1.2240931,1.2240931
0.46041173,0.46041173
0.8609914,0.8609914
1.8663889,1.8663889
-0.13967909,-0.13967909
-0.08915218,-0.08915218
1.4098929,1.4098929
0.42085722,0.42085722
2.1435578,2.1435578
0.8565702,0.8565702
0.8328724,0.8328724
0.6028265,0.6028265
1.6315619,1.6315619
2.4233828,2.4233828
-0.5227018,-0.5227018
-0.9436835,-0.9436835
0.7742602,0.7742602
0.29350325,0.29350325
2.6147833,2.6147833
1.2277641,1.2277641
0.9149506,0.9149506
-0.02697304,-0.02697304
-0.009572862,-0.009572862
0.30534777,0.30534777
0.9198417,0.9198417
0.9943694,0.9943694
1.7420878,1.7420878
1.1316612,1.1316612
0.33220938,0.33220938
0.7140958,0.7140958
0.0024443967,0.0024443967
0.4091472,0.4091472
-0.20161429,-0.20161429
0.63636184,0.63636184
1.3131465,1.3131465
1.982987,1.982987
1.2911834,1.2911834
2.536022,2.536022
1.8070575,1.8070575
2.078718,2.078718
1.4518985,1.4518985
1.0063243,1.0063243
1.5711968,1.5711968
1.802588,1.802588
1.2388835,1.2388835
-0.062948346,-0.062948346
0.32224575,0.32224575
2.155096,2.155096
1.1676751,1.1676751
0.7998889,0.7998889
0.38486823,0.38486823
1.604849,1.604849
1.466701,1.466701
0.17504136,0.17504136
1.3100446,1.3100446
1.174131,1.174131
-0.61369604,-0.61369604
0.33199158,0.33199158
1.149503,1.149503
0.39889005,0.39889005
1.5270648,1.5270648
1.0536493,1.0536493
2.4687774,2.4687774
1.1134458,1.1134458
1.258922,1.258922
1.4541265,1.4541265
0.46142197,0.46142197
0.8351486,0.8351486
1.8831215,1.8831215
0.5139267,0.5139267
1.0334331,1.0334331
-0.21927907,-0.21927907
0.9755282,0.9755282
-0.641506,-0.641506
1.2693014,1.2693014
1.1671588,1.1671588
0.13817592,0.13817592
-0.67274433,-0.67274433
0.53939867,0.53939867
1.1551974,1.1551974
1.3930923,1.3930923
-0.3955956,-0.3955956
0.24425158,0.24425158
0.14403187,0.14403187
0.16812088,0.16812088
0.6219592,0.6219592
0.30514959,0.30514959
-0.04265958,-0.04265958
0.4494379,0.4494379
1.0417848,1.0417848
1.0351559,1.0351559
1.2469237,1.2469237
0.4436635,0.4436635
-0.24324766,-0.24324766
0.7281482,0.7281482
0.2847855,0.2847855
1.3068014,1.3068014
-0.1798104,-0.1798104
0.69194937,0.69194937
0.5136373,0.5136373
0.75169724,0.75169724
0.7947173,0.7947173
0.5733976,0.5733976
0.8872783,0.8872783
0.43020955,0.43020955
0.39881587,0.39881587
1.2809086,1.2809086
1.4883039,1.4883039
-0.32500857,-0.32500857
0.30392274,0.30392274
0.029236896,0.029236896
0.55448556,0.55448556
-0.5117644,-0.5117644
1.353201,1.353201
1.0714556,1.0714556
2.0076685,2.0076685
-0.10560521,-0.10560521
0.9902524,0.9902524
0.2735052,0.2735052
0.015735917,0.015735917
0.9519507,0.9519507
-0.4744106,-0.4744106
0.42976516,0.42976516
-0.03444468,-0.03444468
-0.7755746,-0.7755746
0.033443134,0.033443134
1.6849047,1.6849047
0.80906874,0.80906874
0.16674112,0.16674112
-0.5432381,-0.5432381
-0.9921598,-0.9921598
-0.63233423,-0.63233423
-0.8544662,-0.8544662
-0.79476607,-0.79476607
-0.84748906,-0.84748906
-0.88118875,-0.88118875
-0.5304216,-0.5304216
-0.93322724,-0.93322724
-0.7917439,-0.7917439
-1.0155715,-1.0155715
-1.2111696,-1.2111696
-0.98005533,-0.98005533
-0.9881926,-0.9881926
-0.85268885,-0.85268885
-0.7570533,-0.7570533
-0.07888394,-0.07888394
-0.39284262,-0.39284262
1.1176119,1.1176119
-0.2935216,-0.2935216
-0.8121234,-0.8121234
-1.0484408,-1.0484408
-0.98297894,-0.98297894
-0.5176499,-0.5176499
-0.8067716,-0.8067716
-1.1921488,-1.1921488
-1.3608806,-1.3608806
-1.4342859,-1.4342859
-0.26932725,-0.26932725
-0.9915014,-0.9915014
-1.0156813,-1.0156813
-0.8984784,-0.8984784
-1.4179388,-1.4179388
-1.2771289,-1.2771289
-1.4322512,-1.4322512
-1.0422589,-1.0422589
-1.0546068,-1.0546068
-1.1058605,-1.1058605
-0.887256,-0.887256
-0.8558132,-0.8558132
-0.88069576,-0.88069576
-1.0768006,-1.0768006
-0.7406836,-0.7406836
-0.2923451,-0.2923451
-1.0661985,-1.0661985
-0.63450843,-0.63450843
-0.59018844,-0.59018844
-0.8857823,-0.8857823
-0.75643885,-0.75643885
-0.30261597,-0.30261597
-0.36524546,-0.36524546
-0.0042041633,-0.0042041633
-1.0624614,-1.0624614
-1.2841954,-1.2841954
-1.1168747,-1.1168747
-0.61606145,-0.61606145
-0.7340015,-0.7340015
-1.1933448,-1.1933448
-1.247298,-1.247298
-0.70888597,-0.70888597
-0.08753152,-0.08753152
-0.90529567,-0.90529567
-1.0463917,-1.0463917
-0.96359354,-0.96359354
-1.1049857,-1.1049857
-1.1789804,-1.1789804
-1.0445179,-1.0445179
-1.0107425,-1.0107425
-0.9538053,-0.9538053
-0.72799265,-0.72799265
-0.635431,-0.635431
-1.0799494,-1.0799494
-1.2303599,-1.2303599
-1.3046769,-1.3046769
-1.6399808,-1.6399808
-1.6101695,-1.6101695
-1.4800148,-1.4800148
-1.363707,-1.363707
-1.774798,-1.774798
-1.4402728,-1.4402728
-1.4677993,-1.4677993
-1.2976193,-1.2976193
-1.2032981,-1.2032981
-1.7634586,-1.7634586
-1.4072838,-1.4072838
-1.3209172,-1.3209172
-1.395763,-1.395763
-1.5223826,-1.5223826
-1.8387673,-1.8387673
-1.7821586,-1.7821586
-1.9531571,-1.9531571
-2.0796688,-2.0796688
-2.2533276,-2.2533276
-1.9418066,-1.9418066
-2.0275722,-2.0275722
-2.1421146,-2.1421146
-2.1215744,-2.1215744
-2.048696,-2.048696
-2.129653,-2.129653
-2.1125338,-2.1125338
-2.2238154,-2.2238154
-0.6380863,-0.6380863
-1.3816729,-1.3816729
-1.8312086,-1.8312086
-1.8445383,-1.8445383
-1.7450399,-1.7450399
-1.5025687,-1.5025687
-1.9643065,-1.9643065
-1.3943679,-1.3943679
-1.7070442,-1.7070442
-2.200185,-2.200185
-2.020845,-2.020845
-1.7975166,-1.7975166
-1.8158882,-1.8158882
-1.9892477,-1.9892477
-1.1930785,-1.1930785
-1.8476627,-1.8476627
-1.2838563,-1.2838563
-1.9880261,-1.9880261
-1.9033304,-1.9033304
-1.7891115,-1.7891115
-1.5298724,-1.5298724
-1.4865967,-1.4865967
-1.9028983,-1.9028983
-1.5594184,-1.5594184
-0.87141585,-0.87141585
-1.5075462,-1.5075462
-1.7134908,-1.7134908
-2.0796003,-2.0796003
-1.1832627,-1.1832627
-1.4394816,-1.4394816
-0.89523506,-0.89523506
-1.3269364,-1.3269364
-1.8873863,-1.8873863
-1.4152595,-1.4152595
-1.3146381,-1.3146381
-0.5951634,-0.5951634
0.0969132,0.0969132
-1.4700783,-1.4700783
-2.178728,-2.178728
-2.1868017,-2.1868017
-1.5895158,-1.5895158
-2.2002797,-2.2002797
-1.1244702,-1.1244702
-1.7092915,-1.7092915
-1.0484076,-1.0484076
-0.35282424,-0.35282424
-0.22325605,-0.22325605
0.84725356,0.84725356
-0.48694173,-0.48694173
-1.2882185,-1.2882185
-1.6307501,-1.6307501
-1.0933173,-1.0933173
-0.6001204,-0.6001204
-1.6092128,-1.6092128
-1.5553476,-1.5553476
-1.7473054,-1.7473054
-0.5494627,-0.5494627
-1.4180406,-1.4180406
-1.7810386,-1.7810386
-1.5894976,-1.5894976
-1.8153532,-1.8153532
-1.2673589,-1.2673589
-0.61086786,-0.61086786
-0.6507567,-0.6507567
0.1748969,0.1748969
-0.70029205,-0.70029205
-1.3889645,-1.3889645
-1.2991667,-1.2991667
-1.1832033,-1.1832033
0.7664201,0.7664201
-0.8081782,-0.8081782
-0.2927351,-0.2927351
-1.1606805,-1.1606805
-0.62931025,-0.62931025
-0.9464889,-0.9464889
-1.8263913,-1.8263913
-1.3899539,-1.3899539
-0.8528412,-0.8528412
-1.1584125,-1.1584125
-1.356262,-1.356262
-1.0321996,-1.0321996
0.3771199,0.3771199
-0.5979318,-0.5979318
-0.8043452,-0.8043452
-0.43884215,-0.43884215
0.040567573,0.040567573
-1.088284,-1.088284
-1.4849759,-1.4849759
-0.88704425,-0.88704425
-0.6569154,-0.6569154
-1.5053949,-1.5053949
-0.9203142,-0.9203142
-0.06724888,-0.06724888
-0.32444394,-0.32444394
-0.7613544,-0.7613544
-0.62690586,-0.62690586
-1.004941,-1.004941
-1.1398094,-1.1398094
-0.79700714,-0.79700714
-0.67843443,-0.67843443
-0.5724865,-0.5724865
-1.2848666,-1.2848666
-1.1129794,-1.1129794
-1.0623937,-1.0623937
-1.3461741,-1.3461741
-0.8983734,-0.8983734
-1.2194297,-1.2194297
-0.023092175,-0.023092175
0.38619584,0.38619584
0.24855353,0.24855353
0.655365,0.655365
0.0717749,0.0717749
1.1021717,1.1021717
0.592001,0.592001
-0.17093705,-0.17093705
1.5754943,1.5754943
1.6824707,1.6824707
1.243667,1.243667
1.2300471,1.2300471
-0.1360009,-0.1360009
-0.2524804,-0.2524804
-0.87473655,-0.87473655
0.70070803,0.70070803
0.37451878,0.37451878
0.11179003,0.11179003
0.06726505,0.06726505
2.7394238,2.7394238
0.8022863,0.8022863
0.083673224,0.083673224
0.6376523,0.6376523
0.8868765,0.8868765
0.4728546,0.4728546
-0.068846524,-0.068846524
-0.19943395,-0.19943395
-0.29275608,-0.29275608
-0.14525679,-0.14525679
0.24620774,0.24620774
-0.020330204,-0.020330204
2.2322812,2.2322812
1.5555485,1.5555485
-0.06129211,-0.06129211
-0.19072719,-0.19072719
0.14405641,0.14405641
0.86729777,0.86729777
1.3120993,1.3120993
2.0505493,2.0505493
1.165786,1.165786
1.455876,1.455876
2.1228464,2.1228464
0.40381178,0.40381178
0.3918387,0.3918387
0.34348038,0.34348038
1.2503586,1.2503586
0.5295254,0.5295254
0.6880733,0.6880733
0.20994139,0.20994139
0.9221854,0.9221854
1.6069366,1.6069366
1.3516653,1.3516653
1.1103423,1.1103423
0.47211114,0.47211114
1.4852049,1.4852049
0.8591904,0.8591904
1.610188,1.610188
2.7210927,2.7210927
1.6278898,1.6278898
0.48789895,0.48789895
1.8976119,1.8976119
-0.3461345,-0.3461345
0.54662895,0.54662895
0.33433104,0.33433104
0.7122394,0.7122394
2.645841,2.645841
1.6030558,1.6030558
0.41166574,0.41166574
1.6940575,1.6940575
0.44110855,0.44110855
0.011035376,0.011035376
2.4764116,2.4764116
2.4791336,2.4791336
0.640374,0.640374
2.8363185,2.8363185
3.0550458,3.0550458
3.3583405,3.3583405
1.9210964,1.9210964
1.9831455,1.9831455
2.1206384,2.1206384
2.3264089,2.3264089
0.6349814,0.6349814
2.1529331,2.1529331
1.6579304,1.6579304
0.4903575,0.4903575
0.1475579,0.1475579
0.5374322,0.5374322
0.901719,0.901719
0.49711674,0.49711674
1.159956,1.159956
0.83145046,0.83145046
1.357201,1.357201
0.75083566,0.75083566
0.1056381,0.1056381
0.17021653,0.17021653
0.39278144,0.39278144
0.38960254,0.38960254
1.4293075,1.4293075
0.7890293,0.7890293
-0.16513799,-0.16513799
1.2211188,1.2211188
0.3483977,0.3483977
-0.128735,-0.128735
-0.17055154,-0.17055154
1.0096684,1.0096684
1.1982098,1.1982098
2.2235823,2.2235823
3.0564098,3.0564098
1.6608858,1.6608858
-0.013438582,-0.013438582
0.58231163,0.58231163
2.4064188,2.4064188
2.2987497,2.2987497
2.4365628,2.4365628
0.8014355,0.8014355
2.5908897,2.5908897
1.8303252,1.8303252
1.25969,1.25969
2.9428847,2.9428847
0.93283814,0.93283814
2.0797408,2.0797408
1.238231,1.238231
1.909418,1.909418
0.05549654,0.05549654
1.9438744,1.9438744
0.78929293,0.78929293
0.8632314,0.8632314
-0.09056177,-0.09056177
2.139475,2.139475
0.7994049,0.7994049
0.50003135,0.50003135
0.31868324,0.31868324
1.1505677,1.1505677
1.3210467,1.3210467
0.07279555,0.07279555
0.1746623,0.1746623
2.0856855,2.0856855
1.4636918,1.4636918
0.12861925,0.12861925
-0.5678637,-0.5678637
0.18641813,0.18641813
0.5856032,0.5856032
1.6751728,1.6751728
-0.043708134,-0.043708134
0.3169783,0.3169783
0.1233011,0.1233011
0.50596833,0.50596833
-0.40875074,-0.40875074
1.3340502,1.3340502
1.0500991,1.0500991
1.1064141,1.1064141
0.94333357,0.94333357
1.017981,1.017981
1.4236426,1.4236426
0.022242479,0.022242479
1.3190494,1.3190494
1.4448751,1.4448751
-0.5986455,-0.5986455
1.6782852,1.6782852
0.5637494,0.5637494
-0.14991792,-0.14991792
-0.5797688,-0.5797688
0.38078538,0.38078538
0.73230004,0.73230004
0.8123702,0.8123702
1.407338,1.407338
0.38128707,0.38128707
0.11186991,0.11186991
-0.19044009,-0.19044009
-0.10864311,-0.10864311
-0.097420886,-0.097420886
0.030045591,0.030045591
0.2270643,0.2270643
0.09125089,0.09125089
-0.69638544,-0.69638544
-0.7565723,-0.7565723
-0.7312764,-0.7312764
-0.34721413,-0.34721413
-0.866849,-0.866849
1.2672942,1.2672942
0.17954814,0.17954814
-0.3676811,-0.3676811
-0.70768905,-0.70768905
-0.08436387,-0.08436387
-0.2949239,-0.2949239
-0.5193601,-0.5193601
-0.607157,-0.607157
-0.71238357,-0.71238357
-0.73347276,-0.73347276
-0.75972235,-0.75972235
-0.60323185,-0.60323185
-0.34616032,-0.34616032
-0.47372738,-0.47372738
-1.0126243,-1.0126243
-0.56414425,-0.56414425
-1.0273372,-1.0273372
-1.356926,-1.356926
-1.1308826,-1.1308826
-1.0095338,-1.0095338
-1.0115821,-1.0115821
-0.94703984,-0.94703984
-1.0474775,-1.0474775
-1.181973,-1.181973
-0.7747443,-0.7747443
-1.0127659,-1.0127659
-0.9018943,-0.9018943
-1.011086,-1.011086
-1.1124889,-1.1124889
-0.19700474,-0.19700474
-1.2025359,-1.2025359
-1.034304,-1.034304
-1.3374959,-1.3374959
-0.6148621,-0.6148621
-0.9669707,-0.9669707
-0.47328138,-0.47328138
-0.78230894,-0.78230894
-1.1455655,-1.1455655
-1.0639834,-1.0639834
0.27760625,0.27760625
-0.8332284,-0.8332284
-1.3711802,-1.3711802
-1.3414229,-1.3414229
-0.91327065,-0.91327065
-1.175532,-1.175532
-1.376358,-1.376358
-1.4702151,-1.4702151
-0.71502274,-0.71502274
-1.4725848,-1.4725848
-1.335461,-1.335461
-0.9475625,-0.9475625
-1.1313366,-1.1313366
-1.3918757,-1.3918757
-1.0790894,-1.0790894
-0.6038788,-0.6038788
-0.8767895,-0.8767895
-0.9235819,-0.9235819
-1.2677141,-1.2677141
-1.0390587,-1.0390587
-0.92893815,-0.92893815
-0.48390272,-0.48390272
-1.5684711,-1.5684711
-1.7664155,-1.7664155
-1.6631739,-1.6631739
-1.9158894,-1.9158894
-1.3566047,-1.3566047
-1.2216907,-1.2216907
-0.9034846,-0.9034846
-1.1656756,-1.1656756
-0.90730774,-0.90730774
-1.206518,-1.206518
-1.5477101,-1.5477101
-1.6617752,-1.6617752
-1.3135424,-1.3135424
-0.580561,-0.580561
-1.5397875,-1.5397875
-1.9020662,-1.9020662
-1.6326238,-1.6326238
-1.7111521,-1.7111521
-2.1806922,-2.1806922
-1.8940666,-1.8940666
-2.141857,-2.141857
-1.8969717,-1.8969717
-1.471709,-1.471709
-1.3547302,-1.3547302
-1.343104,-1.343104
-2.3477798,-2.3477798
-1.9246871,-1.9246871
-1.8841114,-1.8841114
-2.1380415,-2.1380415
-2.0382345,-2.0382345
-2.3922234,-2.3922234
-2.1199403,-2.1199403
-1.7181224,-1.7181224
-1.4819598,-1.4819598
0.31680542,0.31680542
-0.7374053,-0.7374053
-2.00129,-2.00129
-1.3893906,-1.3893906
-1.0962002,-1.0962002
-1.7823899,-1.7823899
-1.8227766,-1.8227766
-2.2187648,-2.2187648
-2.2528584,-2.2528584
-2.2412703,-2.2412703
-2.1419518,-2.1419518
-2.5749116,-2.5749116
-2.3019557,-2.3019557
-2.308076,-2.308076
-1.752202,-1.752202
-2.128375,-2.128375
-2.1477487,-2.1477487
-1.8438607,-1.8438607
-2.0241768,-2.0241768
-2.0555012,-2.0555012
-2.2367656,-2.2367656
-2.1244524,-2.1244524
-2.327343,-2.327343
-2.3921056,-2.3921056
-2.2691655,-2.2691655
-1.7508901,-1.7508901
-2.0061953,-2.0061953
-2.3649762,-2.3649762
-2.2264166,-2.2264166
-1.7538984,-1.7538984
-1.6632203,-1.6632203
-1.8580326,-1.8580326
-1.6426985,-1.6426985
-1.0980998,-1.0980998
-1.8938563,-1.8938563
-2.338852,-2.338852
-1.7712445,-1.7712445
-1.0122061,-1.0122061
-1.3082497,-1.3082497
-1.7551119,-1.7551119
-1.7879769,-1.7879769
-1.7845018,-1.7845018
-1.7888886,-1.7888886
-1.2327237,-1.2327237
-1.5578314,-1.5578314
-1.5595539,-1.5595539
-1.727264,-1.727264
-0.9884095,-0.9884095
-1.3885049,-1.3885049
-1.9788775,-1.9788775
-1.5745074,-1.5745074
-1.5012102,-1.5012102
-1.5432311,-1.5432311
-1.5079256,-1.5079256
-1.231401,-1.231401
-1.0088015,-1.0088015
-0.073312744,-0.073312744
-0.5395594,-0.5395594
-0.43022767,-0.43022767
-1.1368059,-1.1368059
-1.893083,-1.893083
-1.7772834,-1.7772834
-1.4308738,-1.4308738
-1.6254048,-1.6254048
-1.5714252,-1.5714252
-1.4828663,-1.4828663
-1.0208484,-1.0208484
-1.1809115,-1.1809115
-1.0423931,-1.0423931
-1.1248566,-1.1248566
-1.553047,-1.553047
-1.1082305,-1.1082305
-1.2054925,-1.2054925
-1.4837108,-1.4837108
-0.6454109,-0.6454109
-0.29954037,-0.29954037
-0.39266464,-0.39266464
-1.2719597,-1.2719597
-1.1169591,-1.1169591
0.37370017,0.37370017
0.48985112,0.48985112
1.3207635,1.3207635
1.3071623,1.3071623
0.2981104,0.2981104
0.38417655,0.38417655
2.4625928,2.4625928
1.6989797,1.6989797
2.420687,2.420687
0.88833696,0.88833696
-0.26328954,-0.26328954
1.3005338,1.3005338
0.22672325,0.22672325
1.0099355,1.0099355
0.6853703,0.6853703
1.5309078,1.5309078
1.56854,1.56854
1.7048151,1.7048151
0.75932544,0.75932544
-0.11240694,-0.11240694
-0.23252782,-0.23252782
0.5681076,0.5681076
0.9719089,0.9719089
0.23328628,0.23328628
0.00015776724,0.00015776724
2.0683699,2.0683699
1.6380174,1.6380174
0.35087788,0.35087788
0.2655773,0.2655773
-0.074255034,-0.074255034
-0.9007556,-0.9007556
-0.5958285,-0.5958285
0.8381721,0.8381721
-0.3601703,-0.3601703
0.32319838,0.32319838
0.15098804,0.15098804
-0.43785313,-0.43785313
-0.57149905,-0.57149905
-0.17014074,-0.17014074
-0.5311504,-0.5311504
0.42775574,0.42775574
0.3120162,0.3120162
1.1323056,1.1323056
0.7131145,0.7131145
2.2539794,2.2539794
2.1035857,2.1035857
-0.25641006,-0.25641006
-0.023705348,-0.023705348
2.597954,2.597954
0.0809146,0.0809146
1.1751882,1.1751882
1.2771724,1.2771724
1.3836718,1.3836718
0.9954993,0.9954993
0.7746407,0.7746407
0.22646575,0.22646575
0.60516554,0.60516554
1.5567896,1.5567896
0.4262003,0.4262003
2.479733,2.479733
0.8612528,0.8612528
-0.1506006,-0.1506006
0.25008634,0.25008634
0.7533272,0.7533272
0.3340223,0.3340223
0.8724916,0.8724916
0.5409024,0.5409024
1.1010162,1.1010162
0.072377026,0.072377026
-0.42559928,-0.42559928
0.53517115,0.53517115
0.6550529,0.6550529
0.65582514,0.65582514
1.4384124,1.4384124
1.1608152,1.1608152
0.19950432,0.19950432
-0.018513797,-0.018513797
0.39425924,0.39425924
0.44824454,0.44824454
0.9246033,0.9246033
1.9688003,1.9688003
0.108193256,0.108193256
1.7622502,1.7622502
1.0021122,1.0021122
0.3873354,0.3873354
0.829959,0.829959
0.8372416,0.8372416
0.9082768,0.9082768
0.9439077,0.9439077
1.177488,1.177488
2.1615088,2.1615088
1.0402775,1.0402775
1.7800456,1.7800456
0.9595314,0.9595314
-1.0054497,-1.0054497
-0.4844884,-0.4844884
0.7280713,0.7280713
-1.2804446,-1.2804446
-1.0529857,-1.0529857
0.3382449,0.3382449
-0.21355212,-0.21355212
-0.7058385,-0.7058385
-0.099009946,-0.099009946
-0.058667455,-0.058667455
0.59189665,0.59189665
0.29565582,0.29565582
0.3001493,0.3001493
-0.93908024,-0.93908024
-0.3178266,-0.3178266
-0.0369272,-0.0369272
-0.9876352,-0.9876352
-0.7537827,-0.7537827
-0.81701535,-0.81701535
-0.11748567,-0.11748567
-0.50522,-0.50522
0.39154708,0.39154708
0.11268181,0.11268181
-0.48028216,-0.48028216
0.25324032,0.25324032
0.59047854,0.59047854
-0.4496675,-0.4496675
0.095917255,0.095917255
-0.5895719,-0.5895719
0.37663603,0.37663603
0.04337826,0.04337826
-0.66311204,-0.66311204
-0.7309557,-0.7309557
-0.7037298,-0.7037298
1.0641375,1.0641375
1.1612437,1.1612437
-0.6963103,-0.6963103
-0.63583845,-0.63583845
-0.32541752,-0.32541752
2.2430747,2.2430747
0.19446711,0.19446711
-0.34289622,-0.34289622
-0.7971381,-0.7971381
-0.181517,-0.181517
-0.00029656658,-0.00029656658
0.18999816,0.18999816
-0.7378315,-0.7378315
-0.92754054,-0.92754054
-0.6014996,-0.6014996
-0.10808431,-0.10808431
-0.65922654,-0.65922654
-0.18307482,-0.18307482
-0.030419923,-0.030419923
-0.069652185,-0.069652185
-0.91499275,-0.91499275
-0.3687536,-0.3687536
-0.2883279,-0.2883279
0.20311059,0.20311059
-0.16144907,-0.16144907
-0.14384033,-0.14384033
-0.27251524,-0.27251524
0.5204901,0.5204901
0.25693747,0.25693747
-0.47432765,-0.47432765
-0.76539826,-0.76539826
-0.6251408,-0.6251408
-0.20518981,-0.20518981
-0.39618406,-0.39618406
-0.41509822,-0.41509822
-0.9477654,-0.9477654
-0.228787,-0.228787
0.42258453,0.42258453
1.2577264,1.2577264
1.3709925,1.3709925
-0.36962238,-0.36962238
0.9963589,0.9963589
1.2016883,1.2016883
-0.37414354,-0.37414354
-0.56907576,-0.56907576
0.6080069,0.6080069
0.744061,0.744061
-0.6094179,-0.6094179
0.8451835,0.8451835
0.165595,0.165595
-0.29798284,-0.29798284
-0.8281117,-0.8281117
-0.025685012,-0.025685012
-0.7510787,-0.7510787
-0.7289149,-0.7289149
-1.1325884,-1.1325884
0.8393484,0.8393484
-0.23848303,-0.23848303
-0.10529124,-0.10529124
0.10310354,0.10310354
0.12034968,0.12034968
-0.1887714,-0.1887714
-0.6209641,-0.6209641
-0.33491486,-0.33491486
-0.53050625,-0.53050625
-0.3892296,-0.3892296
0.09407247,0.09407247
-1.479701,-1.479701
-1.2783331,-1.2783331
-1.14377,-1.14377
-1.2321928,-1.2321928
-0.98641914,-0.98641914
-0.6269292,-0.6269292
-1.0678891,-1.0678891
-1.3206792,-1.3206792
-0.932257,-0.932257
-0.81519693,-0.81519693
-0.96930456,-0.96930456
-0.9587281,-0.9587281
-0.7475228,-0.7475228
-0.9575249,-0.9575249
-0.6432676,-0.6432676
-0.79681677,-0.79681677
-0.8656301,-0.8656301
-0.9375787,-0.9375787
-1.2731882,-1.2731882
-0.9426877,-0.9426877
-0.898158,-0.898158
-0.78740406,-0.78740406
-0.64749116,-0.64749116
-0.15959468,-0.15959468
-0.7686347,-0.7686347
-0.82553685,-0.82553685
-1.0470197,-1.0470197
-0.31909376,-0.31909376
-0.41967985,-0.41967985
-0.8175456,-0.8175456
-0.63069636,-0.63069636
-0.84179884,-0.84179884
-0.834478,-0.834478
-0.9294101,-0.9294101
-0.84531415,-0.84531415
-1.113441,-1.113441
-1.1894034,-1.1894034
-0.15508196,-0.15508196
-0.65968573,-0.65968573
-0.7825071,-0.7825071
-1.0874871,-1.0874871
-0.19154307,-0.19154307
-1.2083627,-1.2083627
-1.1534687,-1.1534687
-1.2850174,-1.2850174
-0.89452815,-0.89452815
-0.87083226,-0.87083226
-1.1683447,-1.1683447
-1.368111,-1.368111
-1.1712182,-1.1712182
-1.15928,-1.15928
-1.4477916,-1.4477916
-1.6720234,-1.6720234
-1.5117935,-1.5117935
-1.26788,-1.26788
-1.3540411,-1.3540411
-0.5564128,-0.5564128
-0.56478393,-0.56478393
-0.90710795,-0.90710795
-0.8188195,-0.8188195
-1.2797635,-1.2797635
-1.2120779,-1.2120779
-1.5018405,-1.5018405
-1.523623,-1.523623
-1.7473122,-1.7473122
-1.7134949,-1.7134949
-1.1816745,-1.1816745
-1.0501522,-1.0501522
-1.77504,-1.77504
-2.1029515,-2.1029515
-1.7402344,-1.7402344
-1.7135243,-1.7135243
-1.2823704,-1.2823704
-1.8016157,-1.8016157
-1.5502919,-1.5502919
-1.5049015,-1.5049015
-1.7910883,-1.7910883
-1.7436621,-1.7436621
-2.1277103,-2.1277103
-1.7479525,-1.7479525
-2.1815665,-2.1815665
-1.6959459,-1.6959459
-1.1702679,-1.1702679
-1.6684815,-1.6684815
-2.1134906,-2.1134906
-1.8804507,-1.8804507
-1.0830915,-1.0830915
-1.9747922,-1.9747922
-1.8918256,-1.8918256
-1.014516,-1.014516
-1.575077,-1.575077
-1.6084732,-1.6084732
-1.4981419,-1.4981419
-1.843915,-1.843915
-2.01942,-2.01942
-1.711607,-1.711607
-2.0685472,-2.0685472
-1.7497048,-1.7497048
-1.7770957,-1.7770957
-2.0719295,-2.0719295
-1.9882247,-1.9882247
-2.161142,-2.161142
-2.038063,-2.038063
-1.8322076,-1.8322076
-1.7601428,-1.7601428
-1.7104313,-1.7104313
-1.0667381,-1.0667381
-0.8456395,-0.8456395
-1.9029076,-1.9029076
-0.92540693,-0.92540693
-1.1721506,-1.1721506
-1.032889,-1.032889
-2.450861,-2.450861
-2.2574272,-2.2574272
-1.9079515,-1.9079515
-1.671802,-1.671802
-2.110319,-2.110319
-2.5225646,-2.5225646
-1.944743,-1.944743
-1.6634126,-1.6634126
-0.93626773,-0.93626773
-2.2866967,-2.2866967
-2.2211149,-2.2211149
-1.9034058,-1.9034058
-2.4104292,-2.4104292
-2.3646917,-2.3646917
-2.1579707,-2.1579707
-1.3177747,-1.3177747
-1.8967253,-1.8967253
-0.8078873,-0.8078873
-1.0267737,-1.0267737
-1.9429506,-1.9429506
-1.8955241,-1.8955241
-0.48725274,-0.48725274
-0.36227697,-0.36227697
-1.1722697,-1.1722697
-2.237997,-2.237997
-2.1413069,-2.1413069
-1.3633528,-1.3633528
-1.8863192,-1.8863192
-1.9726118,-1.9726118
-2.0455961,-2.0455961
-0.91840637,-0.91840637
-1.540748,-1.540748
-0.48393387,-0.48393387
-1.2225728,-1.2225728
-1.5932218,-1.5932218
0.5230647,0.5230647
-1.6287706,-1.6287706
-2.0181272,-2.0181272
-1.5581048,-1.5581048
-1.0152882,-1.0152882
0.23644617,0.23644617
-0.506184,-0.506184
-0.040465374,-0.040465374
-0.43913332,-0.43913332
-0.25932407,-0.25932407
1.0390425,1.0390425
0.41432214,0.41432214
0.59534216,0.59534216
1.6326722,1.6326722
0.6561812,0.6561812
0.047176994,0.047176994
-0.574499,-0.574499
0.8269418,0.8269418
0.08639049,0.08639049
-1.3004007,-1.3004007
-1.4526503,-1.4526503
-1.2833765,-1.2833765
-1.0854231,-1.0854231
-1.0899625,-1.0899625
-0.7689693,-0.7689693
-0.82175416,-0.82175416
-0.7191781,-0.7191781
-0.40686068,-0.40686068
-0.585559,-0.585559
-1.6561935,-1.6561935
-0.9718987,-0.9718987
-1.4810857,-1.4810857
-1.7891248,-1.7891248
-1.6284692,-1.6284692
-0.88887525,-0.88887525
-1.3421094,-1.3421094
-0.9498714,-0.9498714
-1.4487057,-1.4487057
-0.61901575,-0.61901575
-0.5974176,-0.5974176
-0.0015377115,-0.0015377115
0.8576228,0.8576228
-0.6867375,-0.6867375
1.2787656,1.2787656
-1.1977869,-1.1977869
-1.4020762,-1.4020762
-1.0838677,-1.0838677
-0.36284766,-0.36284766
-0.71070594,-0.71070594
-0.46508068,-0.46508068
-0.7080128,-0.7080128
-0.13784091,-0.13784091
-0.0032539077,-0.0032539077
0.24442089,0.24442089
-0.54645884,-0.54645884
-0.008157783,-0.008157783
0.08789535,0.08789535
0.6912903,0.6912903
0.72995013,0.72995013
0.42344233,0.42344233
2.4233396,2.4233396
0.32531637,0.32531637
1.2554166,1.2554166
0.92794275,0.92794275
0.48875648,0.48875648
0.9512889,0.9512889
-1.0144547,-1.0144547
-1.2726407,-1.2726407
-1.1946173,-1.1946173
-0.42650384,-0.42650384
-0.51846904,-0.51846904
-0.4114371,-0.4114371
-0.92104375,-0.92104375
-0.5989552,-0.5989552
-0.77549285,-0.77549285
0.19113976,0.19113976
0.7909298,0.7909298
0.1101439,0.1101439
0.7310582,0.7310582
-0.7747083,-0.7747083
0.084144466,0.084144466
-1.25473,-1.25473
-1.2748501,-1.2748501
-0.09022824,-0.09022824
-0.56857735,-0.56857735
-0.8050665,-0.8050665
0.7682144,0.7682144
-1.1098981,-1.1098981
-0.6227457,-0.6227457
-0.08673482,-0.08673482
-0.700428,-0.700428
-0.23660417,-0.23660417
-0.018727852,-0.018727852
-0.23465806,-0.23465806
0.41663894,0.41663894
1.443653,1.443653
0.094659425,0.094659425
0.7090514,0.7090514
0.7969349,0.7969349
0.11646259,0.11646259
0.21696767,0.21696767
0.2696356,0.2696356
0.6683616,0.6683616
0.43374875,0.43374875
0.9474345,0.9474345
0.2009951,0.2009951
-0.036349934,-0.036349934
1.0796609,1.0796609
2.1790705,2.1790705
1.1986915,1.1986915
1.3722814,1.3722814
1.1152629,1.1152629
1.7707098,1.7707098
0.81200147,0.81200147
0.617425,0.617425
0.89096785,0.89096785
1.0756389,1.0756389
-0.45634106,-0.45634106
0.4042589,0.4042589
1.0592103,1.0592103
2.10268,2.10268
-0.19902363,-0.19902363
-0.35738143,-0.35738143
0.5716363,0.5716363
0.66086245,0.66086245
1.850346,1.850346
2.1841462,2.1841462
0.83084613,0.83084613
0.06961829,0.06961829
0.12799062,0.12799062
0.081921,0.081921
0.09320782,0.09320782
2.1989095,2.1989095
-0.40497613,-0.40497613
-0.36197937,-0.36197937
0.025340294,0.025340294
2.0825443,2.0825443
1.922725,1.922725
-0.37483844,-0.37483844
-0.68983024,-0.68983024
-0.5055953,-0.5055953
-0.44987303,-0.44987303
-0.6702444,-0.6702444
-0.23822172,-0.23822172
-0.42048517,-0.42048517
-0.7336718,-0.7336718
-0.03972127,-0.03972127
-0.5416708,-0.5416708
0.502649,0.502649
1.1108365,1.1108365
1.3576933,1.3576933
0.55741024,0.55741024
0.3196164,0.3196164
-0.33027756,-0.33027756
0.2602229,0.2602229
1.4007727,1.4007727
1.8796186,1.8796186
1.1187414,1.1187414
0.40040028,0.40040028
0.64069927,0.64069927
1.7024724,1.7024724
3.1964333,3.1964333
0.83389425,0.83389425
3.1829913,3.1829913
0.8331489,0.8331489
3.2035794,3.2035794
0.8012043,0.8012043
0.73685175,0.73685175
2.873575,2.873575
-0.06188487,-0.06188487
0.5990344,0.5990344
1.7923976,1.7923976
-0.24911565,-0.24911565
-0.04149856,-0.04149856
1.6225853,1.6225853
-0.3445217,-0.3445217
-0.19266345,-0.19266345
1.8974217,1.8974217
0.6704742,0.6704742
0.98921514,0.98921514
1.4750398,1.4750398
1.0146437,1.0146437
0.63167584,0.63167584
0.93070304,0.93070304
1.7702773,1.7702773
1.9548168,1.9548168
1.8392223,1.8392223
1.5474393,1.5474393
0.67142034,0.67142034
1.845398,1.845398
0.5440236,0.5440236
0.53254217,0.53254217
1.7387266,1.7387266
0.9735432,0.9735432
0.9758102,0.9758102
0.4343321,0.4343321
0.92301863,0.92301863
0.31365404,0.31365404
-0.04348233,-0.04348233
1.2571975,1.2571975
0.50930417,0.50930417
1.1288856,1.1288856
0.22808863,0.22808863
-0.47083905,-0.47083905
-0.24789836,-0.24789836
-0.3927718,-0.3927718
-0.10248649,-0.10248649
0.21080828,0.21080828
1.5139391,1.5139391
1.2509477,1.2509477
0.3029093,0.3029093
0.2280346,0.2280346
-0.4525377,-0.4525377
-0.52752215,-0.52752215
-0.35461485,-0.35461485
-0.3324646,-0.3324646
-0.39541602,-0.39541602
-0.87880516,-0.87880516
-0.51068825,-0.51068825
-0.16543381,-0.16543381
0.079231285,0.079231285
0.012732876,0.012732876
0.19507815,0.19507815
-0.448253,-0.448253
-0.09410489,-0.09410489
-0.44638014,-0.44638014
-0.776667,-0.776667
-0.8835657,-0.8835657
-1.0591078,-1.0591078
-0.72974724,-0.72974724
-0.82553846,-0.82553846
-0.9162841,-0.9162841
-1.0718906,-1.0718906
-1.0664619,-1.0664619
0.3824049,0.3824049
-0.49022993,-0.49022993
-0.3006346,-0.3006346
0.52276236,0.52276236
-0.081256405,-0.081256405
-0.06932875,-0.06932875
-0.2835213,-0.2835213
-0.47318706,-0.47318706
-0.64808303,-0.64808303
-0.6575081,-0.6575081
-0.7825089,-0.7825089
-0.82083046,-0.82083046
-0.9169318,-0.9169318
-0.91740495,-0.91740495
0.034545086,0.034545086
-0.7110109,-0.7110109
-0.35310236,-0.35310236
-0.4547279,-0.4547279
-0.63591987,-0.63591987
-0.7896405,-0.7896405
-0.87336814,-0.87336814
-0.8455742,-0.8455742
-0.8343176,-0.8343176
-0.9892135,-0.9892135
-1.536925,-1.536925
-1.3199865,-1.3199865
-1.2855786,-1.2855786
0.93556994,0.93556994
-1.3089772,-1.3089772
-1.4123353,-1.4123353
-1.4410962,-1.4410962
-1.4813985,-1.4813985
-1.7297347,-1.7297347
-1.8248606,-1.8248606
-1.7546698,-1.7546698
-1.3378145,-1.3378145
-1.7070962,-1.7070962
-1.789783,-1.789783
-1.786324,-1.786324
-1.7568578,-1.7568578
-1.7964116,-1.7964116
-1.6753238,-1.6753238
-1.9859629,-1.9859629
-2.0618222,-2.0618222
-2.1601207,-2.1601207
-2.0965543,-2.0965543
-2.0466697,-2.0466697
-1.8465421,-1.8465421
-1.2798907,-1.2798907
-1.5560756,-1.5560756
-2.0004668,-2.0004668
-1.4984562,-1.4984562
-1.9189587,-1.9189587
-2.0409157,-2.0409157
-2.0537949,-2.0537949
-2.1743407,-2.1743407
-2.4987757,-2.4987757
-2.4400578,-2.4400578
-2.3805816,-2.3805816
-1.6751794,-1.6751794
-1.4515613,-1.4515613
-2.0001154,-2.0001154
-2.446313,-2.446313
-2.4585564,-2.4585564
-1.5635294,-1.5635294
-1.4819231,-1.4819231
-1.525578,-1.525578
-1.840281,-1.840281
-1.6555793,-1.6555793
-2.0079832,-2.0079832
-2.0637324,-2.0637324
-2.0967412,-2.0967412
-2.3735406,-2.3735406
-2.1902995,-2.1902995
-2.3261142,-2.3261142
-2.2399929,-2.2399929
-2.253765,-2.253765
-2.034493,-2.034493
-1.8309014,-1.8309014
-2.1753345,-2.1753345
-2.009312,-2.009312
-2.165311,-2.165311
-1.7426673,-1.7426673
-1.8501811,-1.8501811
-1.8371959,-1.8371959
-2.4640257,-2.4640257
-2.483829,-2.483829
-2.393839,-2.393839
-1.954634,-1.954634
-2.3235006,-2.3235006
-2.2834768,-2.2834768
-2.4034796,-2.4034796
-1.972618,-1.972618
-1.9181756,-1.9181756
-1.3615361,-1.3615361
-2.3685386,-2.3685386
-2.7031126,-2.7031126
-2.56766,-2.56766
-1.8393184,-1.8393184
-2.678987,-2.678987
-2.458522,-2.458522
-2.542907,-2.542907
-2.4926775,-2.4926775
-2.4586232,-2.4586232
-2.374789,-2.374789
-2.6595097,-2.6595097
-2.742638,-2.742638
-2.642805,-2.642805
-2.4279726,-2.4279726
-2.0158722,-2.0158722
-1.5601691,-1.5601691
-1.8823677,-1.8823677
-2.203262,-2.203262
-2.313031,-2.313031
-2.2540584,-2.2540584
-1.9566242,-1.9566242
-1.9795921,-1.9795921
-1.6773582,-1.6773582
-1.8075873,-1.8075873
-1.7598112,-1.7598112
-2.0559924,-2.0559924
-1.6249166,-1.6249166
-2.3910682,-2.3910682
-1.949321,-1.949321
-0.2586409,-0.2586409
-1.9431882,-1.9431882
-2.1976213,-2.1976213
-2.1553278,-2.1553278
-1.3915311,-1.3915311
-2.0246866,-2.0246866
-1.5146217,-1.5146217
-0.7553997,-0.7553997
-0.98811686,-0.98811686
1.7237792,1.7237792
-0.21685633,-0.21685633
-0.9314173,-0.9314173
-1.8909887,-1.8909887
-1.9616697,-1.9616697
-1.6551517,-1.6551517
-0.088660635,-0.088660635
-0.952434,-0.952434
-0.7355758,-0.7355758
-1.4951745,-1.4951745
-0.935616,-0.935616
-2.0707035,-2.0707035
-2.066885,-2.066885
-0.24885663,-0.24885663
-1.2401283,-1.2401283
-1.6456721,-1.6456721
-0.97770274,-0.97770274
0.9034969,0.9034969
-1.7718521,-1.7718521
-1.4567186,-1.4567186
-1.4415456,-1.4415456
-0.30935624,-0.30935624
-0.3178695,-0.3178695
-1.123776,-1.123776
-1.4453311,-1.4453311
0.60704035,0.60704035
-1.1477842,-1.1477842
-1.3651962,-1.3651962
-0.8024193,-0.8024193
-1.1472471,-1.1472471
-1.6589693,-1.6589693
-1.0890551,-1.0890551
-1.3762794,-1.3762794
-1.110076,-1.110076
-0.92752516,-0.92752516
-1.4098625,-1.4098625
-1.6293412,-1.6293412
-2.1074696,-2.1074696
-1.5173386,-1.5173386
-1.5903345,-1.5903345
1.259397,1.259397
-0.28684667,-0.28684667
-1.5251255,-1.5251255
-0.19345048,-0.19345048
-1.3034471,-1.3034471
-0.3558215,-0.3558215
0.78279513,0.78279513
-1.3762919,-1.3762919
-1.8554802,-1.8554802
-1.849336,-1.849336
0.30543005,0.30543005
-1.0692006,-1.0692006
-0.7791129,-0.7791129
0.07524719,0.07524719
0.9062847,0.9062847
-0.3833938,-0.3833938
1.8991326,1.8991326
-1.0889518,-1.0889518
-1.2078241,-1.2078241
2.6057034,2.6057034
-0.61782265,-0.61782265
-0.31470978,-0.31470978
-0.5574724,-0.5574724
-1.3757241,-1.3757241
-0.6162341,-0.6162341
0.6243866,0.6243866
-0.16165008,-0.16165008
-0.7876224,-0.7876224
-0.06315252,-0.06315252
-0.42957947,-0.42957947
-1.1408343,-1.1408343
-1.025225,-1.025225
-1.4455718,-1.4455718
-1.4280887,-1.4280887
-0.36678904,-0.36678904
0.19792594,0.19792594
1.6262844,1.6262844
2.0530465,2.0530465
1.4549594,1.4549594
0.9892896,0.9892896
-0.7269998,-0.7269998
0.6375246,0.6375246
0.6371993,0.6371993
0.8964297,0.8964297
0.36448595,0.36448595
-0.272047,-0.272047
0.0052263336,0.0052263336
-0.27253452,-0.27253452
-0.27253908,-0.27253908
-0.59054565,-0.59054565
-0.774683,-0.774683
-0.8946171,-0.8946171
-0.95031726,-0.95031726
-1.1766996,-1.1766996
-0.36306342,-0.36306342
0.95997274,0.95997274
2.2513556,2.2513556
1.1878828,1.1878828
1.0110464,1.0110464
1.2790288,1.2790288
3.4403503,3.4403503
3.4040735,3.4040735
3.6905308,3.6905308
1.6737068,1.6737068
0.8743128,0.8743128
0.72485685,0.72485685
-0.14153612,-0.14153612
1.8302027,1.8302027
1.4443969,1.4443969
0.79662246,0.79662246
1.2027586,1.2027586
0.34312382,0.34312382
0.8087561,0.8087561
1.8310459,1.8310459
0.48862937,0.48862937
2.4632106,2.4632106
3.5269768,3.5269768
2.8608322,2.8608322
1.9614497,1.9614497
2.0491168,2.0491168
2.7824066,2.7824066
3.065042,3.065042
1.531275,1.531275
1.3085948,1.3085948
2.5705292,2.5705292
1.1045089,1.1045089
3.3018434,3.3018434
1.0875682,1.0875682
1.4035819,1.4035819
0.49077135,0.49077135
0.26503637,0.26503637
0.74470425,0.74470425
1.4170144,1.4170144
2.472929,2.472929
1.9930248,1.9930248
0.055241983,0.055241983
0.83153504,0.83153504
-0.34655228,-0.34655228
-0.077557996,-0.077557996
0.9712536,0.9712536
1.2402656,1.2402656
1.1393818,1.1393818
0.010672978,0.010672978
0.26691243,0.26691243
-0.0060695102,-0.0060695102
-0.057623133,-0.057623133
0.20521566,0.20521566
1.5839695,1.5839695
0.60273355,0.60273355
0.29727736,0.29727736
0.37374693,0.37374693
0.43567395,0.43567395
0.5860258,0.5860258
-0.30579102,-0.30579102
-0.7343503,-0.7343503
1.1928936,1.1928936
0.41285315,0.41285315
1.239111,1.239111
-0.3966186,-0.3966186
0.5401047,0.5401047
-0.14577788,-0.14577788
0.15525486,0.15525486
1.4760473,1.4760473
1.6311554,1.6311554
2.929452,2.929452
0.79810107,0.79810107
1.812337,1.812337
0.6435972,0.6435972
0.19123903,0.19123903
0.95336074,0.95336074
-0.47329316,-0.47329316
-0.03405304,-0.03405304
0.6630355,0.6630355
1.1864182,1.1864182
0.9097418,0.9097418
-0.37444547,-0.37444547
0.4603257,0.4603257
0.24230146,0.24230146
-0.31915233,-0.31915233
-0.13037068,-0.13037068
0.58894515,0.58894515
0.45918736,0.45918736
-0.10707397,-0.10707397
0.77456516,0.77456516
0.39123395,0.39123395
-0.28526035,-0.28526035
0.030297844,0.030297844
-0.81531155,-0.81531155
-0.6843867,-0.6843867
-0.5705629,-0.5705629
0.016746812,0.016746812
-0.70208323,-0.70208323
0.96713424,0.96713424
0.30167383,0.30167383
0.44527045,0.44527045
-0.3459252,-0.3459252
-0.10215307,-0.10215307
-0.15827106,-0.15827106
1.2212907,1.2212907
-0.40756655,-0.40756655
-0.27343205,-0.27343205
-0.7691874,-0.7691874
-0.407684,-0.407684
-0.8352486,-0.8352486
-0.5738987,-0.5738987
-0.37781397,-0.37781397
-0.92876303,-0.92876303
-0.870006,-0.870006
-0.83774436,-0.83774436
-0.82187235,-0.82187235
-0.5557696,-0.5557696
-0.23395684,-0.23395684
-0.3940051,-0.3940051
-0.7400451,-0.7400451
-0.49988377,-0.49988377
-0.35477513,-0.35477513
0.6854212,0.6854212
1.9370754,1.9370754
0.60313165,0.60313165
-0.26530978,-0.26530978
-0.93238974,-0.93238974
-0.5081073,-0.5081073
-0.69279623,-0.69279623
-0.5846107,-0.5846107
-0.38485444,-0.38485444
-0.8272249,-0.8272249
0.06902898,0.06902898
-0.7025861,-0.7025861
-0.9302226,-0.9302226
-0.7148005,-0.7148005
-0.3412667,-0.3412667
-1.0225909,-1.0225909
-0.8824951,-0.8824951
-0.4439829,-0.4439829
-0.41405582,-0.41405582
-0.4171536,-0.4171536
-0.57344264,-0.57344264
-0.63841057,-0.63841057
-0.06160722,-0.06160722
-0.18964036,-0.18964036
1.4832487,1.4832487
-0.2040156,-0.2040156
0.34634256,0.34634256
-0.40654543,-0.40654543
-0.37265813,-0.37265813
-0.4535063,-0.4535063
-0.014185802,-0.014185802
-0.1837795,-0.1837795
-0.63379776,-0.63379776
0.1415549,0.1415549
-0.26623845,-0.26623845
-0.4150484,-0.4150484
-0.58054453,-0.58054453
-0.18371564,-0.18371564
-0.5015218,-0.5015218
-0.47193724,-0.47193724
-0.7274322,-0.7274322
-1.1607864,-1.1607864
-0.7523477,-0.7523477
-1.0669359,-1.0669359
-1.1422231,-1.1422231
-1.2921693,-1.2921693
-1.3952321,-1.3952321
-1.1647246,-1.1647246
-1.3398279,-1.3398279
-1.4359334,-1.4359334
-1.2361552,-1.2361552
0.64951324,0.64951324
0.4275037,0.4275037
-0.52424407,-0.52424407
-1.2203231,-1.2203231
-1.2481956,-1.2481956
-1.2922125,-1.2922125
-1.2786529,-1.2786529
-1.1189495,-1.1189495
-1.3246138,-1.3246138
-1.4428644,-1.4428644
-1.5050583,-1.5050583
-1.2063819,-1.2063819
-0.8322856,-0.8322856
-1.0573921,-1.0573921
-0.10278144,-0.10278144
-0.1428467,-0.1428467
-1.0335116,-1.0335116
-0.90894073,-0.90894073
-1.4882433,-1.4882433
-1.4262277,-1.4262277
-1.5037247,-1.5037247
-1.4333916,-1.4333916
-1.4852306,-1.4852306
-1.580196,-1.580196
-1.5586965,-1.5586965
-1.574254,-1.574254
-1.6388742,-1.6388742
-1.2637463,-1.2637463
-1.3538978,-1.3538978
-1.569659,-1.569659
-1.7661208,-1.7661208
-1.098665,-1.098665
-0.88492244,-0.88492244
-1.4087899,-1.4087899
-0.77658564,-0.77658564
-0.31391907,-0.31391907
-1.6699051,-1.6699051
-1.4325554,-1.4325554
-1.8614047,-1.8614047
-1.8187464,-1.8187464
-1.5105202,-1.5105202
-1.5457219,-1.5457219
-1.6195462,-1.6195462
-2.040381,-2.040381
-2.1248758,-2.1248758
-1.8147509,-1.8147509
-2.128037,-2.128037
-1.9756794,-1.9756794
-1.8239247,-1.8239247
-1.4878666,-1.4878666
-1.9614148,-1.9614148
-1.8319572,-1.8319572
-1.9465312,-1.9465312
-2.017128,-2.017128
-2.0446172,-2.0446172
-2.1422012,-2.1422012
-2.037399,-2.037399
-1.7160256,-1.7160256
-2.102187,-2.102187
-1.8996193,-1.8996193
-2.1521297,-2.1521297
-1.6053128,-1.6053128
-1.4125687,-1.4125687
-1.7272158,-1.7272158
-1.0619584,-1.0619584
-1.4912,-1.4912
-2.2432613,-2.2432613
-2.4960582,-2.4960582
-2.3019338,-2.3019338
-2.158527,-2.158527
-2.394375,-2.394375
-2.5546665,-2.5546665
-2.1898575,-2.1898575
-2.404907,-2.404907
-2.6127,-2.6127
-2.7044728,-2.7044728
-2.4816034,-2.4816034
-2.5584488,-2.5584488
-2.6144295,-2.6144295
-1.7095308,-1.7095308
-1.0390152,-1.0390152
-1.9199752,-1.9199752
-1.7197045,-1.7197045
-1.0768318,-1.0768318
-0.036508,-0.036508
-0.20279916,-0.20279916
-1.6175222,-1.6175222
-0.8982249,-0.8982249
-1.6047177,-1.6047177
-0.6839176,-0.6839176
-1.9699175,-1.9699175
-1.8577973,-1.8577973
-1.5726298,-1.5726298
-1.3887266,-1.3887266
-0.3489341,-0.3489341
0.6491919,0.6491919
-1.6516311,-1.6516311
-1.8336974,-1.8336974
-2.1943595,-2.1943595
-0.24269107,-0.24269107
0.55534536,0.55534536
-0.48334202,-0.48334202
2.5740066,2.5740066
-0.5800408,-0.5800408
-1.1899811,-1.1899811
-1.5918794,-1.5918794
-1.0367658,-1.0367658
-0.59649557,-0.59649557
-0.3718434,-0.3718434
-0.058602843,-0.058602843
-1.5726653,-1.5726653
-1.2743865,-1.2743865
-1.4036537,-1.4036537
0.36988333,0.36988333
-0.57737213,-0.57737213
-0.5818182,-0.5818182
-1.6553688,-1.6553688
-1.8871697,-1.8871697
-0.9291632,-0.9291632
-1.0744026,-1.0744026
-1.5520492,-1.5520492
-1.9441576,-1.9441576
-2.0337439,-2.0337439
-1.5236069,-1.5236069
-1.8643801,-1.8643801
-1.2072916,-1.2072916
0.52836186,0.52836186
1.8971794,1.8971794
-0.8007957,-0.8007957
-1.017172,-1.017172
0.46619707,0.46619707
2.43075,2.43075
0.07234213,0.07234213
-0.43494943,-0.43494943
1.2258283,1.2258283
-0.6756231,-0.6756231
-0.6846851,-0.6846851
-0.40679842,-0.40679842
0.0569884,0.0569884
-0.43063506,-0.43063506
0.49764505,0.49764505
1.4132034,1.4132034
-0.8190762,-0.8190762
0.6797214,0.6797214
-0.41267276,-0.41267276
-1.4349146,-1.4349146
-0.078670725,-0.078670725
-0.5078764,-0.5078764
0.0836364,0.0836364
-0.4822404,-0.4822404
2.5865023,2.5865023
0.42971697,0.42971697
-1.1826711,-1.1826711
-0.852984,-0.852984
0.7079883,0.7079883
0.8775809,0.8775809
-1.0185277,-1.0185277
0.41486657,0.41486657
0.019461041,0.019461041
-0.7546481,-0.7546481
1.0486041,1.0486041
-0.14122714,-0.14122714
2.9127486,2.9127486
0.9929964,0.9929964
0.084369466,0.084369466
-0.16741386,-0.16741386
2.7421176,2.7421176
-0.36030492,-0.36030492
-0.44018513,-0.44018513
-0.31051165,-0.31051165
0.38586435,0.38586435
-0.102992624,-0.102992624
0.102594435,0.102594435
-0.8954155,-0.8954155
-1.1237974,-1.1237974
-0.91882324,-0.91882324
-0.22479622,-0.22479622
0.23524499,0.23524499
-0.6971681,-0.6971681
0.6588038,0.6588038
-0.75124633,-0.75124633
1.464029,1.464029
0.758101,0.758101
2.9060378,2.9060378
1.490642,1.490642
1.8079393,1.8079393
-0.6186437,-0.6186437
0.38280863,0.38280863
-0.6179996,-0.6179996
0.4941846,0.4941846
0.34160495,0.34160495
0.43552884,0.43552884
-0.12682264,-0.12682264
1.159175,1.159175
0.09978128,0.09978128
0.4423455,0.4423455
-0.008779271,-0.008779271
-0.09883225,-0.09883225
0.53562164,0.53562164
1.5391697,1.5391697
1.455675,1.455675
-0.076744825,-0.076744825
-1.2033802,-1.2033802
0.00030932337,0.00030932337
1.3862104,1.3862104
-0.45160365,-0.45160365
-0.81447184,-0.81447184
-0.35336503,-0.35336503
0.11311219,0.11311219
0.5556654,0.5556654
0.74767894,0.74767894
-0.37389416,-0.37389416
0.63559973,0.63559973
-0.8289988,-0.8289988
1.8404311,1.8404311
-0.70892954,-0.70892954
0.90307784,0.90307784
-0.18538281,-0.18538281
2.0782232,2.0782232
0.89068586,0.89068586
1.3873117,1.3873117
-0.19838072,-0.19838072
2.1296635,2.1296635
1.947597,1.947597
1.078096,1.078096
-0.5132084,-0.5132084
-0.41569087,-0.41569087
2.313591,2.313591
3.2686808,3.2686808
0.25566664,0.25566664
-0.9370188,-0.9370188
1.5482229,1.5482229
-0.26177925,-0.26177925
-0.6299738,-0.6299738
1.565141,1.565141
0.7474218,0.7474218
-0.056989223,-0.056989223
0.91383916,0.91383916
-0.55339766,-0.55339766
-0.40354627,-0.40354627
-0.20489956,-0.20489956
2.2279816,2.2279816
0.94025457,0.94025457
2.9635508,2.9635508
2.2228012,2.2228012
0.6735899,0.6735899
0.80196995,0.80196995
2.4952521,2.4952521
2.1251242,2.1251242
1.3949773,1.3949773
0.73429877,0.73429877
-0.0834489,-0.0834489
1.1375746,1.1375746
0.84720916,0.84720916
1.4657891,1.4657891
0.007263877,0.007263877
1.6437635,1.6437635
-0.08343582,-0.08343582
0.67292345,0.67292345
-0.4229263,-0.4229263
0.52386373,0.52386373
1.4041779,1.4041779
-0.19656241,-0.19656241
0.59714687,0.59714687
-0.11823539,-0.11823539
0.5226822,0.5226822
1.1182851,1.1182851
0.38118318,0.38118318
-0.26480985,-0.26480985
-0.42937037,-0.42937037
0.5451652,0.5451652
1.5778008,1.5778008
1.247256,1.247256
0.73931265,0.73931265
2.1741836,2.1741836
0.72049713,0.72049713
0.4202944,0.4202944
0.6938882,0.6938882
1.421775,1.421775
-0.25693828,-0.25693828
-0.24124664,-0.24124664
0.7473139,0.7473139
1.3190641,1.3190641
1.9290067,1.9290067
-0.1747326,-0.1747326
0.26108164,0.26108164
-0.89431846,-0.89431846
0.7161415,0.7161415
0.2849411,0.2849411
2.1532798,2.1532798
0.051164426,0.051164426
2.2420013,2.2420013
0.35183996,0.35183996
1.7888621,1.7888621
1.8859165,1.8859165
1.0830824,1.0830824
-0.5090808,-0.5090808
0.1589567,0.1589567
-0.32339826,-0.32339826
-0.6363476,-0.6363476
-0.8840356,-0.8840356
-0.5232892,-0.5232892
-0.3050545,-0.3050545
-0.47271508,-0.47271508
-0.8590841,-0.8590841
-0.5007245,-0.5007245
1.0668614,1.0668614
-0.3877184,-0.3877184
0.50992364,0.50992364
-0.30728975,-0.30728975
0.8013561,0.8013561
1.4638791,1.4638791
-0.63265014,-0.63265014
-0.12099335,-0.12099335
-0.64218664,-0.64218664
0.8967621,0.8967621
0.8807443,0.8807443
0.23939738,0.23939738
0.13474214,0.13474214
0.12325003,0.12325003
0.42165887,0.42165887
-0.47332236,-0.47332236
-0.47612083,-0.47612083
-0.7300367,-0.7300367
-0.32237166,-0.32237166
-0.38586172,-0.38586172
-0.8770908,-0.8770908
-0.83995086,-0.83995086
-0.71331525,-0.71331525
-0.9469199,-0.9469199
-0.91454834,-0.91454834
0.039483536,0.039483536
-0.59159666,-0.59159666
-0.70290124,-0.70290124
0.24560978,0.24560978
0.07107109,0.07107109
-0.7120419,-0.7120419
0.114604376,0.114604376
-0.26670134,-0.26670134
-0.60414606,-0.60414606
-1.2684935,-1.2684935
-1.1939228,-1.1939228
-1.2121177,-1.2121177
-0.76401734,-0.76401734
-1.2703807,-1.2703807
-1.3067888,-1.3067888
-1.4227662,-1.4227662
-0.822051,-0.822051
-0.68340665,-0.68340665
-0.48981076,-0.48981076
-0.19521649,-0.19521649
-0.68785226,-0.68785226
-0.98691636,-0.98691636
-0.80649924,-0.80649924
-0.69503903,-0.69503903
-0.8858976,-0.8858976
-0.9795604,-0.9795604
-1.0259844,-1.0259844
-0.86575305,-0.86575305
-1.2221247,-1.2221247
-1.227439,-1.227439
-0.64622337,-0.64622337
-1.051738,-1.051738
-1.595356,-1.595356
-1.4505507,-1.4505507
-1.101351,-1.101351
-0.33000603,-0.33000603
-0.040407855,-0.040407855
-1.2424167,-1.2424167
-1.3609365,-1.3609365
-1.4983631,-1.4983631
-1.4192325,-1.4192325
-1.4986972,-1.4986972
-1.6312827,-1.6312827
-1.855149,-1.855149
-1.7493646,-1.7493646
-1.7882739,-1.7882739
-1.6218385,-1.6218385
-1.5229332,-1.5229332
-1.4852309,-1.4852309
-1.0235871,-1.0235871
-1.6299593,-1.6299593
-1.7418592,-1.7418592
-1.806946,-1.806946
-1.7186656,-1.7186656
-1.7768369,-1.7768369
-1.7086828,-1.7086828
-1.6263512,-1.6263512
-1.3690312,-1.3690312
-1.2208089,-1.2208089
-1.6184651,-1.6184651
-1.6485509,-1.6485509
-1.7814058,-1.7814058
-1.8684609,-1.8684609
-1.7752719,-1.7752719
-1.7514434,-1.7514434
-1.6895995,-1.6895995
-1.4793905,-1.4793905
-1.3487107,-1.3487107
-1.5292044,-1.5292044
-1.6624432,-1.6624432
-1.6445498,-1.6445498
-1.7601626,-1.7601626
-1.4503781,-1.4503781
-1.4596059,-1.4596059
-1.5088391,-1.5088391
-1.2758642,-1.2758642
-1.8750639,-1.8750639
-1.9712259,-1.9712259
-1.4785842,-1.4785842
-1.4389117,-1.4389117
-1.9735699,-1.9735699
-2.33568,-2.33568
-1.5676149,-1.5676149
-1.9848396,-1.9848396
-2.3373532,-2.3373532
-2.2208905,-2.2208905
-2.3366349,-2.3366349
-1.8926448,-1.8926448
-2.5859473,-2.5859473
-2.7037225,-2.7037225
-2.3264883,-2.3264883
-1.8608742,-1.8608742
-1.7987669,-1.7987669
-2.5007558,-2.5007558
-2.5329635,-2.5329635
-2.4736927,-2.4736927
-2.0463896,-2.0463896
-2.3421116,-2.3421116
-2.1393995,-2.1393995
-1.710223,-1.710223
-1.5684487,-1.5684487
-1.9119483,-1.9119483
-2.5293093,-2.5293093
-2.2139404,-2.2139404
-2.722417,-2.722417
-2.076357,-2.076357
-1.3621902,-1.3621902
-2.1119807,-2.1119807
-2.0661912,-2.0661912
-0.32133216,-0.32133216
-1.1799135,-1.1799135
-1.8243862,-1.8243862
-0.36290517,-0.36290517
-0.6637212,-0.6637212
-1.1587263,-1.1587263
-1.365356,-1.365356
-1.8369647,-1.8369647
-1.8776947,-1.8776947
-1.090337,-1.090337
-1.7071997,-1.7071997
-1.643893,-1.643893
-1.6660484,-1.6660484
-0.17266001,-0.17266001
-1.2989957,-1.2989957
-0.9803902,-0.9803902
-1.9892902,-1.9892902
-1.4554037,-1.4554037
-1.4463959,-1.4463959
-1.9340127,-1.9340127
-1.7182233,-1.7182233
-1.0304928,-1.0304928
-1.6877782,-1.6877782
-1.7444801,-1.7444801
0.053500418,0.053500418
0.25335568,0.25335568
0.9689071,0.9689071
-1.4420519,-1.4420519
-1.9910493,-1.9910493
-1.9751284,-1.9751284
-1.7116933,-1.7116933
-1.6061615,-1.6061615
-1.7075127,-1.7075127
-1.5927672,-1.5927672
-1.239934,-1.239934
-1.427862,-1.427862
-1.490578,-1.490578
-0.48008817,-0.48008817
-1.5167246,-1.5167246
-1.9351611,-1.9351611
-1.5754397,-1.5754397
-0.47716776,-0.47716776
1.7453171,1.7453171
-0.7661013,-0.7661013
-0.7542965,-0.7542965
-0.98663384,-0.98663384
-1.2343631,-1.2343631
0.9598809,0.9598809
-0.24025832,-0.24025832
1.8482666,1.8482666
1.2323503,1.2323503
-0.06410605,-0.06410605
2.6090329,2.6090329
0.6766702,0.6766702
-0.41150916,-0.41150916
-0.8853549,-0.8853549
-0.90412027,-0.90412027
-0.8277846,-0.8277846
-1.0009905,-1.0009905
-0.8372421,-0.8372421
-0.5475388,-0.5475388
-0.99350125,-0.99350125
-1.2088051,-1.2088051
-0.7655101,-0.7655101
-0.90843165,-0.90843165
-0.906201,-0.906201
-0.75847965,-0.75847965
0.19643764,0.19643764
-0.29881147,-0.29881147
1.7711413,1.7711413
1.8136548,1.8136548
0.5458709,0.5458709
0.29608965,0.29608965
0.4916617,0.4916617
0.16158317,0.16158317
2.723313,2.723313
2.300264,2.300264
0.49713793,0.49713793
-0.22209683,-0.22209683
1.6761107,1.6761107
-0.23880512,-0.23880512
-0.4748196,-0.4748196
-0.42639843,-0.42639843
0.6650378,0.6650378
0.101103015,0.101103015
-0.3870754,-0.3870754
-0.5072488,-0.5072488
-0.8609749,-0.8609749
-0.15148512,-0.15148512
-1.0092,-1.0092
1.0514987,1.0514987
-0.5916895,-0.5916895
1.9311113,1.9311113
1.6496962,1.6496962
2.638678,2.638678
0.56603897,0.56603897
1.6447475,1.6447475
2.6278465,2.6278465
0.22155173,0.22155173
-0.6575967,-0.6575967
-0.00550172,-0.00550172
-0.44723177,-0.44723177
-0.49819773,-0.49819773
1.0722677,1.0722677
1.4618791,1.4618791
1.903507,1.903507
1.609041,1.609041
2.405434,2.405434
0.06645552,0.06645552
0.67798626,0.67798626
1.8825394,1.8825394
1.0384473,1.0384473
0.9190028,0.9190028
-0.4796089,-0.4796089
-0.30849272,-0.30849272
0.23867655,0.23867655
0.38989288,0.38989288
1.3806741,1.3806741
-0.29761598,-0.29761598
-0.37665194,-0.37665194
-0.00269304,-0.00269304
0.18971698,0.18971698
-0.5903922,-0.5903922
-0.5695672,-0.5695672
0.94510216,0.94510216
1.6175171,1.6175171
1.1844615,1.1844615
2.0830317,2.0830317
1.081869,1.081869
3.1106331,3.1106331
-0.24462478,-0.24462478
2.2886744,2.2886744
2.0247548,2.0247548
-0.62247074,-0.62247074
-1.2377673,-1.2377673
1.0694319,1.0694319
0.4373873,0.4373873
0.19681145,0.19681145
-0.14682849,-0.14682849
-0.3519995,-0.3519995
-0.3171826,-0.3171826
0.087367214,0.087367214
1.5307693,1.5307693
-0.44680917,-0.44680917
1.2036253,1.2036253
1.3053894,1.3053894
0.59251684,0.59251684
0.16352426,0.16352426
-0.09956524,-0.09956524
0.17979245,0.17979245
1.3608276,1.3608276
0.9060442,0.9060442
0.2399956,0.2399956
2.379223,2.379223
0.3759999,0.3759999
3.213297,3.213297
-0.31691387,-0.31691387
-0.3566799,-0.3566799
-0.4510632,-0.4510632
0.41139075,0.41139075
-0.26268464,-0.26268464
0.053260427,0.053260427
1.9492477,1.9492477
0.37434042,0.37434042
0.6577289,0.6577289
-0.39489394,-0.39489394
-0.5712714,-0.5712714
-0.37593418,-0.37593418
0.9142298,0.9142298
0.05713673,0.05713673
-0.07777588,-0.07777588
2.7173655,2.7173655
0.14792937,0.14792937
0.523744,0.523744
0.14995103,0.14995103
1.8724501,1.8724501
0.9906666,0.9906666
-0.23891583,-0.23891583
-0.8185374,-0.8185374
0.99699694,0.99699694
1.0255666,1.0255666
-0.5884558,-0.5884558
-0.43976203,-0.43976203
-0.58768016,-0.58768016
-0.7431471,-0.7431471
-0.51668286,-0.51668286
0.5811056,0.5811056
1.5802178,1.5802178
0.2335875,0.2335875
-0.34538323,-0.34538323
-0.53973454,-0.53973454
0.8809449,0.8809449
1.53883,1.53883
-0.13923989,-0.13923989
0.055559307,0.055559307
-0.51725423,-0.51725423
-0.21529965,-0.21529965
-0.7198865,-0.7198865
-0.65889823,-0.65889823
-0.13264084,-0.13264084
-0.28942287,-0.28942287
0.045504164,0.045504164
0.56648505,0.56648505
-0.25466496,-0.25466496
0.028544731,0.028544731
-0.38536114,-0.38536114
-0.47660893,-0.47660893
-0.5037287,-0.5037287
1.0719416,1.0719416
0.85358495,0.85358495
0.6075936,0.6075936
1.5287374,1.5287374
-0.13637798,-0.13637798
-0.13787794,-0.13787794
0.44894606,0.44894606
0.43716806,0.43716806
1.9020898,1.9020898
0.36329016,0.36329016
0.82294387,0.82294387
-0.30184308,-0.30184308
0.3858201,0.3858201
-0.20526046,-0.20526046
-0.041374177,-0.041374177
-0.63899946,-0.63899946
-0.55353534,-0.55353534
-0.9387723,-0.9387723
-0.4212979,-0.4212979
-0.96837336,-0.96837336
1.3036453,1.3036453
-0.26245606,-0.26245606
-0.51341903,-0.51341903
-0.5944666,-0.5944666
-1.1507444,-1.1507444
-0.36096922,-0.36096922
0.2956909,0.2956909
-0.94619805,-0.94619805
-0.56001353,-0.56001353
-0.5092893,-0.5092893
-0.78057563,-0.78057563
-0.70462054,-0.70462054
-0.7684152,-0.7684152
-0.52705276,-0.52705276
-0.45548803,-0.45548803
-0.42955732,-0.42955732
-0.5113879,-0.5113879
-0.700206,-0.700206
-0.8126282,-0.8126282
-0.030559687,-0.030559687
-0.21655789,-0.21655789
-0.7249714,-0.7249714
-0.75948006,-0.75948006
-0.84447837,-0.84447837
-0.65711254,-0.65711254
-0.22560745,-0.22560745
-0.97404724,-0.97404724
-0.95686615,-0.95686615
-1.1663121,-1.1663121
-1.3837264,-1.3837264
-1.1832937,-1.1832937
-1.174727,-1.174727
-1.0145752,-1.0145752
-1.134648,-1.134648
-0.45240304,-0.45240304
-1.1255009,-1.1255009
-0.6599073,-0.6599073
-0.62760127,-0.62760127
-0.24223095,-0.24223095
-0.68793684,-0.68793684
-0.53726184,-0.53726184
-0.6425418,-0.6425418
-0.60565025,-0.60565025
-0.5655693,-0.5655693
-0.42829958,-0.42829958
-1.092621,-1.092621
-0.99892235,-0.99892235
-1.1115806,-1.1115806
-1.1168902,-1.1168902
-1.107651,-1.107651
-1.2538458,-1.2538458
-1.3645592,-1.3645592
-1.4192281,-1.4192281
-1.5727134,-1.5727134
-1.707067,-1.707067
-1.7547997,-1.7547997
-1.747617,-1.747617
-1.7463573,-1.7463573
-1.5105767,-1.5105767
-1.737484,-1.737484
-1.4157461,-1.4157461
-1.3127184,-1.3127184
-1.4677296,-1.4677296
-1.5152888,-1.5152888
-1.4238663,-1.4238663
-1.3692405,-1.3692405
-1.3836312,-1.3836312
-1.6323483,-1.6323483
-1.4172436,-1.4172436
-1.4791272,-1.4791272
-1.4749687,-1.4749687
-1.5814267,-1.5814267
-1.593664,-1.593664
-1.3602859,-1.3602859
-1.5219479,-1.5219479
-1.5999776,-1.5999776
-1.6453019,-1.6453019
-2.0071588,-2.0071588
-1.9065,-1.9065
-1.9969817,-1.9969817
-1.6830866,-1.6830866
-1.9898111,-1.9898111
-2.189284,-2.189284
-2.2222195,-2.2222195
-1.9898318,-1.9898318
-1.9598042,-1.9598042
-1.8735883,-1.8735883
-2.0032086,-2.0032086
-1.9141579,-1.9141579
-2.0862489,-2.0862489
-2.0997944,-2.0997944
-1.9883101,-1.9883101
-2.2589843,-2.2589843
-2.3641481,-2.3641481
-2.185233,-2.185233
-2.094053,-2.094053
-2.349572,-2.349572
-2.4382076,-2.4382076
-2.4968908,-2.4968908
-2.5016077,-2.5016077
-2.3027925,-2.3027925
-2.3089278,-2.3089278
-2.0220811,-2.0220811
-2.0691855,-2.0691855
-2.2501793,-2.2501793
-1.956764,-1.956764
-2.2387352,-2.2387352
-2.3484695,-2.3484695
-2.6523895,-2.6523895
-2.5188847,-2.5188847
-2.1168246,-2.1168246
-2.375507,-2.375507
-2.4604049,-2.4604049
-2.516313,-2.516313
-2.059451,-2.059451
-1.688959,-1.688959
-1.8044693,-1.8044693
-1.8089826,-1.8089826
-2.231497,-2.231497
-2.158814,-2.158814
-2.1962814,-2.1962814
-2.3164363,-2.3164363
-1.8782382,-1.8782382
-2.3918548,-2.3918548
-2.2704442,-2.2704442
-2.1697183,-2.1697183
-2.2293792,-2.2293792
-2.3212576,-2.3212576
-2.3812401,-2.3812401
-2.3337476,-2.3337476
-2.3287935,-2.3287935
-2.4120126,-2.4120126
-2.345556,-2.345556
-2.341601,-2.341601
-2.246866,-2.246866
-2.324644,-2.324644
-1.9736705,-1.9736705
-1.8669243,-1.8669243
-1.849019,-1.849019
-2.015358,-2.015358
-2.1124587,-2.1124587
-1.3544484,-1.3544484
-0.5402741,-0.5402741
-1.6359003,-1.6359003
-1.8971447,-1.8971447
-1.7783762,-1.7783762
-1.9303429,-1.9303429
-2.027474,-2.027474
-1.2531481,-1.2531481
-0.65957606,-0.65957606
-1.7179403,-1.7179403
-1.4720129,-1.4720129
-1.6269629,-1.6269629
-1.2204938,-1.2204938
-1.5836048,-1.5836048
-0.9036838,-0.9036838
-0.9911684,-0.9911684
-1.5395585,-1.5395585
-1.4964485,-1.4964485
-1.7112317,-1.7112317
-1.2284107,-1.2284107
-0.488343,-0.488343
-0.46427205,-0.46427205
-1.4300369,-1.4300369
-1.7495933,-1.7495933
-1.8944926,-1.8944926
-1.9334269,-1.9334269
-2.2059188,-2.2059188
-1.2764683,-1.2764683
-1.5718206,-1.5718206
-1.2379166,-1.2379166
-1.461471,-1.461471
-1.7972441,-1.7972441
-0.73055863,-0.73055863
-1.2228118,-1.2228118
-0.08096423,-0.08096423
-1.0466602,-1.0466602
-0.9414507,-0.9414507
1.147033,1.147033
-1.0533673,-1.0533673
-1.2119794,-1.2119794
0.28712013,0.28712013
-0.09927526,-0.09927526
-0.75710285,-0.75710285
-1.5356178,-1.5356178
-1.0352058,-1.0352058
-1.1387216,-1.1387216
-1.2920209,-1.2920209
-0.8266872,-0.8266872
-0.13179423,-0.13179423
-0.30031803,-0.30031803
-1.4933951,-1.4933951
-0.6783204,-0.6783204
-0.39432114,-0.39432114
-1.0304759,-1.0304759
-1.1315259,-1.1315259
-0.49760428,-0.49760428
-0.6706181,-0.6706181
-0.8239254,-0.8239254
-1.3898613,-1.3898613
-1.4621117,-1.4621117
-1.517629,-1.517629
-1.527387,-1.527387
-0.86062187,-0.86062187
-0.675876,-0.675876
0.5254658,0.5254658
-0.48342076,-0.48342076
-1.1389743,-1.1389743
-1.1250271,-1.1250271
-1.1346356,-1.1346356
0.14311974,0.14311974
-0.0892043,-0.0892043
0.8827115,0.8827115
0.012716446,0.012716446
0.0036583021,0.0036583021
0.9551544,0.9551544
1.5825312,1.5825312
